{
  "best_model": "Logistic Regression",
  "model_parameters": {
    "C": 10,
    "max_iter": 2000,
    "multi_class": "multinomial",
    "solver": "lbfgs"
  },
  "validation_metrics": {
    "accuracy": 0.9965,
    "f1_macro": 0.9965
  },
  "test_metrics": {
    "accuracy": 0.9603356216628528,
    "f1_macro": 0.9571224118441459,
    "f1_micro": 0.9603356216628528,
    "roc_auc_ovr": 0.9932724032327647
  },
  "per_class_metrics": {
    "precision": [
      0.967741935483871,
      0.8939393939393939,
      0.9730639730639731,
      1.0
    ],
    "recall": [
      0.9,
      0.9640522875816994,
      0.9633333333333334,
      1.0
    ],
    "f1_score": [
      0.9326424870466321,
      0.9276729559748428,
      0.9681742043551089,
      1.0
    ],
    "class_names": [
      "glioma",
      "meningioma",
      "pituitary",
      "notumor"
    ]
  },
  "dataset_info": {
    "total_samples": 14046,
    "train_samples": 10281,
    "val_samples": 1143,
    "test_samples": 2622,
    "num_classes": 4,
    "feature_dimension": 1280
  },
  "confusion_matrix": [
    [
      540,
      52,
      8,
      0
    ],
    [
      14,
      590,
      8,
      0
    ],
    [
      4,
      18,
      578,
      0
    ],
    [
      0,
      0,
      0,
      810
    ]
  ]
}